CHAINAGE,LATITUDE,LONGITUDE,SPEED,LANE_IRI,LWP_IRI,RWP_IRI,RUT_EDG_SE,RUT_CTR_SE,Survey_Route
0.0,0.34550412449999995,32.63253106016667,0.0,7.590000152587891,8.25,6.920000076293945,0.0,0.0,KYAMBOGO_UNIVERSITY_ROAD
5.0,0.34546324,32.63253174716667,11.100000381469727,7.590000152587891,8.25,6.920000076293945,2.299999952316284,3.0999999046325684,KYAMBOGO_UNIVERSITY_ROAD
10.0,0.3454241611666667,32.632501557,13.800000190734863,7.590000152587891,8.25,6.920000076293945,1.899999976158142,3.5999999046325684,KYAMBOGO_UNIVERSITY_ROAD
15.0,0.3454021321666667,32.63246326783333,16.200000762939453,7.590000152587891,8.25,6.920000076293945,4.5,4.5,KYAMBOGO_UNIVERSITY_ROAD
20.0,0.3453872648333334,32.632421032,20.200000762939453,7.590000152587891,8.25,6.920000076293945,2.0,4.300000190734863,KYAMBOGO_UNIVERSITY_ROAD
25.0,0.345378694,32.63238863316667,24.200000762939453,7.590000152587891,8.25,6.920000076293945,1.7999999523162842,4.400000095367432,KYAMBOGO_UNIVERSITY_ROAD
30.0,0.34536787950000003,32.632339378333334,25.799999237060547,7.590000152587891,8.25,6.920000076293945,2.0,5.199999809265137,KYAMBOGO_UNIVERSITY_ROAD
35.0,0.3453607906666667,32.632300989,26.299999237060547,7.590000152587891,8.25,6.920000076293945,4.5,4.5,KYAMBOGO_UNIVERSITY_ROAD
40.0,0.34535111716666667,32.632248159,27.299999237060547,7.590000152587891,8.25,6.920000076293945,4.5,4.5,KYAMBOGO_UNIVERSITY_ROAD
45.0,0.34534363549999997,32.63220757966667,27.799999237060547,7.590000152587891,8.25,6.920000076293945,4.800000190734863,4.800000190734863,KYAMBOGO_UNIVERSITY_ROAD
50.0,0.34533587516666664,32.63216533433334,29.299999237060547,7.590000152587891,8.25,6.920000076293945,3.9000000953674316,3.9000000953674316,KYAMBOGO_UNIVERSITY_ROAD
55.0,0.345327529,32.6321209,31.100000381469727,7.590000152587891,8.25,6.920000076293945,4.199999809265137,4.199999809265137,KYAMBOGO_UNIVERSITY_ROAD
60.0,0.3453191901666666,32.632074085,32.400001525878906,7.590000152587891,8.25,6.920000076293945,2.5,2.5,KYAMBOGO_UNIVERSITY_ROAD
65.0,0.34531178216666664,32.632025533833335,32.900001525878906,7.590000152587891,8.25,6.920000076293945,5.900000095367432,5.900000095367432,KYAMBOGO_UNIVERSITY_ROAD
70.0,0.34530722366666666,32.631993021,32.79999923706055,7.590000152587891,8.25,6.920000076293945,4.599999904632568,4.599999904632568,KYAMBOGO_UNIVERSITY_ROAD
75.0,0.3453018725,32.631944253,32.79999923706055,7.590000152587891,8.25,6.920000076293945,4.900000095367432,4.900000095367432,KYAMBOGO_UNIVERSITY_ROAD
80.0,0.3452976211666667,32.6318960885,31.5,7.590000152587891,8.25,6.920000076293945,4.0,4.0,KYAMBOGO_UNIVERSITY_ROAD
85.0,0.3452942175,32.6318515615,28.600000381469727,7.590000152587891,8.25,6.920000076293945,3.5999999046325684,3.5999999046325684,KYAMBOGO_UNIVERSITY_ROAD
90.0,0.34529178983333336,32.63181129983333,24.899999618530273,7.590000152587891,8.25,6.920000076293945,3.700000047683716,3.700000047683716,KYAMBOGO_UNIVERSITY_ROAD
95.0,0.3452890865,32.63175903216667,17.5,7.590000152587891,8.25,6.920000076293945,3.700000047683716,3.700000047683716,KYAMBOGO_UNIVERSITY_ROAD
100.0,0.34528512666666666,32.6317108575,10.199999809265137,7.590000152587891,8.25,6.920000076293945,3.0,3.0,KYAMBOGO_UNIVERSITY_ROAD
105.0,0.34528290233333336,32.63166801766667,12.300000190734863,7.590000152587891,8.25,6.920000076293945,1.600000023841858,3.200000047683716,KYAMBOGO_UNIVERSITY_ROAD
110.0,0.34528568866666665,32.631631262666666,17.5,7.590000152587891,8.25,6.920000076293945,3.9000000953674316,3.9000000953674316,KYAMBOGO_UNIVERSITY_ROAD
115.0,0.345295678,32.6315849435,19.299999237060547,7.590000152587891,8.25,6.920000076293945,2.4000000953674316,3.5999999046325684,KYAMBOGO_UNIVERSITY_ROAD
120.0,0.3453084181666667,32.631539748,18.0,7.590000152587891,8.25,6.920000076293945,5.400000095367432,5.400000095367432,KYAMBOGO_UNIVERSITY_ROAD
125.0,0.34531968366666665,32.631500259666666,16.799999237060547,7.590000152587891,8.25,6.920000076293945,1.899999976158142,6.300000190734863,KYAMBOGO_UNIVERSITY_ROAD
130.0,0.34533456683333336,32.63145312133334,18.200000762939453,7.590000152587891,8.25,6.920000076293945,3.5999999046325684,3.5,KYAMBOGO_UNIVERSITY_ROAD
135.0,0.34534607066666667,32.63141764583333,20.299999237060547,7.590000152587891,8.25,6.920000076293945,4.099999904632568,4.099999904632568,KYAMBOGO_UNIVERSITY_ROAD
140.0,0.34536189316666666,32.63137655683333,22.600000381469727,7.590000152587891,8.25,6.920000076293945,2.5,1.2000000476837158,KYAMBOGO_UNIVERSITY_ROAD
145.0,0.34537828783333335,32.631335014166666,21.299999237060547,7.590000152587891,8.25,6.920000076293945,2.799999952316284,1.899999976158142,KYAMBOGO_UNIVERSITY_ROAD
150.0,0.34539515283333333,32.631285785,13.800000190734863,7.590000152587891,8.25,6.920000076293945,3.0999999046325684,3.700000047683716,KYAMBOGO_UNIVERSITY_ROAD
155.0,0.3454103843333333,32.63124577166667,11.300000190734863,9.130000114440918,8.760000228881836,9.5,5.099999904632568,5.099999904632568,KYAMBOGO_UNIVERSITY_ROAD
160.0,0.34542800183333333,32.631202945,15.899999618530273,9.130000114440918,8.760000228881836,9.5,7.599999904632568,7.599999904632568,KYAMBOGO_UNIVERSITY_ROAD
165.0,0.3454423836666667,32.631168042,21.200000762939453,9.130000114440918,8.760000228881836,9.5,7.599999904632568,7.599999904632568,KYAMBOGO_UNIVERSITY_ROAD
170.0,0.34546033966666667,32.6311232165,26.5,9.130000114440918,8.760000228881836,9.5,5.0,5.0,KYAMBOGO_UNIVERSITY_ROAD
175.0,0.345475186,32.631086252833335,26.299999237060547,9.130000114440918,8.760000228881836,9.5,3.0,0.0,KYAMBOGO_UNIVERSITY_ROAD
180.0,0.34549526216666665,32.63103653866666,26.899999618530273,9.130000114440918,8.760000228881836,9.5,3.5,3.299999952316284,KYAMBOGO_UNIVERSITY_ROAD
185.0,0.34551058749999997,32.63099881283333,27.200000762939453,9.130000114440918,8.760000228881836,9.5,4.0,4.0,KYAMBOGO_UNIVERSITY_ROAD
190.0,0.3455260803333333,32.63095975066667,28.399999618530273,9.130000114440918,8.760000228881836,9.5,3.9000000953674316,3.9000000953674316,KYAMBOGO_UNIVERSITY_ROAD
195.0,0.34554253083333336,32.630918965666666,30.0,9.130000114440918,8.760000228881836,9.5,3.5,3.5,KYAMBOGO_UNIVERSITY_ROAD
200.0,0.3455602905,32.6308756205,32.20000076293945,9.130000114440918,8.760000228881836,9.5,3.700000047683716,3.5,KYAMBOGO_UNIVERSITY_ROAD
205.0,0.3455793665,32.63082925533333,34.400001525878906,9.130000114440918,8.760000228881836,9.5,3.700000047683716,1.2000000476837158,KYAMBOGO_UNIVERSITY_ROAD
210.0,0.34559311183333336,32.6307968865,36.0,9.130000114440918,8.760000228881836,9.5,3.799999952316284,3.799999952316284,KYAMBOGO_UNIVERSITY_ROAD
215.0,0.3456146991666667,32.630746789,37.099998474121094,9.130000114440918,8.760000228881836,9.5,3.4000000953674316,3.4000000953674316,KYAMBOGO_UNIVERSITY_ROAD
220.0,0.345629585,32.63071236933333,37.900001525878906,9.130000114440918,8.760000228881836,9.5,3.0999999046325684,3.0999999046325684,KYAMBOGO_UNIVERSITY_ROAD
225.0,0.3456453373333333,32.63067739416667,38.900001525878906,9.130000114440918,8.760000228881836,9.5,2.9000000953674316,2.9000000953674316,KYAMBOGO_UNIVERSITY_ROAD
230.0,0.3456690095,32.6306231115,40.29999923706055,9.130000114440918,8.760000228881836,9.5,3.700000047683716,3.700000047683716,KYAMBOGO_UNIVERSITY_ROAD
235.0,0.345685347,32.63058574783334,41.400001525878906,9.130000114440918,8.760000228881836,9.5,3.700000047683716,3.700000047683716,KYAMBOGO_UNIVERSITY_ROAD
240.0,0.3457022003333333,32.630547398666664,42.29999923706055,9.130000114440918,8.760000228881836,9.5,3.0,3.0,KYAMBOGO_UNIVERSITY_ROAD
245.0,0.34571988849999996,32.63050868016666,42.79999923706055,9.130000114440918,8.760000228881836,9.5,3.0999999046325684,3.0999999046325684,KYAMBOGO_UNIVERSITY_ROAD
250.0,0.34573777366666664,32.6304697335,42.900001525878906,9.130000114440918,8.760000228881836,9.5,2.299999952316284,1.100000023841858,KYAMBOGO_UNIVERSITY_ROAD
255.0,0.3457559473333333,32.630430815666664,43.099998474121094,2.0999999046325684,2.2699999809265137,1.9299999475479126,1.600000023841858,1.600000023841858,KYAMBOGO_UNIVERSITY_ROAD
260.0,0.3457742455,32.63039171016667,43.29999923706055,2.0999999046325684,2.2699999809265137,1.9299999475479126,4.099999904632568,4.099999904632568,KYAMBOGO_UNIVERSITY_ROAD
265.0,0.3457927611666667,32.630352327833336,43.79999923706055,2.0999999046325684,2.2699999809265137,1.9299999475479126,4.800000190734863,4.800000190734863,KYAMBOGO_UNIVERSITY_ROAD
270.0,0.34581080183333335,32.63031251366667,43.900001525878906,2.0999999046325684,2.2699999809265137,1.9299999475479126,2.799999952316284,2.799999952316284,KYAMBOGO_UNIVERSITY_ROAD
275.0,0.345829027,32.630272511166666,44.0,2.0999999046325684,2.2699999809265137,1.9299999475479126,3.700000047683716,3.700000047683716,KYAMBOGO_UNIVERSITY_ROAD
280.0,0.3458478995,32.63023251283333,44.400001525878906,2.0999999046325684,2.2699999809265137,1.9299999475479126,3.5,3.5,KYAMBOGO_UNIVERSITY_ROAD
285.0,0.3458661456666666,32.6301924965,44.29999923706055,2.0999999046325684,2.2699999809265137,1.9299999475479126,4.699999809265137,4.699999809265137,KYAMBOGO_UNIVERSITY_ROAD
290.0,0.3458843543333333,32.63015265466667,44.20000076293945,2.0999999046325684,2.2699999809265137,1.9299999475479126,4.099999904632568,4.099999904632568,KYAMBOGO_UNIVERSITY_ROAD
295.0,0.3459027881666667,32.630112538166664,44.79999923706055,2.0999999046325684,2.2699999809265137,1.9299999475479126,3.5,3.5,KYAMBOGO_UNIVERSITY_ROAD
300.0,0.3459212286666667,32.63007246816667,44.70000076293945,2.0999999046325684,2.2699999809265137,1.9299999475479126,4.199999809265137,4.199999809265137,KYAMBOGO_UNIVERSITY_ROAD
305.0,0.34593988783333335,32.63003172916667,45.20000076293945,2.0999999046325684,2.2699999809265137,1.9299999475479126,3.9000000953674316,3.9000000953674316,KYAMBOGO_UNIVERSITY_ROAD
310.0,0.34595905866666665,32.629990637,45.20000076293945,2.0999999046325684,2.2699999809265137,1.9299999475479126,4.900000095367432,4.900000095367432,KYAMBOGO_UNIVERSITY_ROAD
315.0,0.34597816833333334,32.6299493375,45.5,2.0999999046325684,2.2699999809265137,1.9299999475479126,4.099999904632568,4.099999904632568,KYAMBOGO_UNIVERSITY_ROAD
320.0,0.3459975368333333,32.62990821383333,45.29999923706055,2.0999999046325684,2.2699999809265137,1.9299999475479126,5.900000095367432,5.900000095367432,KYAMBOGO_UNIVERSITY_ROAD
325.0,0.34601665183333336,32.629866556,45.900001525878906,2.0999999046325684,2.2699999809265137,1.9299999475479126,5.5,5.5,KYAMBOGO_UNIVERSITY_ROAD
330.0,0.34603580533333334,32.629824841166666,45.70000076293945,2.0999999046325684,2.2699999809265137,1.9299999475479126,5.5,5.5,KYAMBOGO_UNIVERSITY_ROAD
335.0,0.346055063,32.6297831535,45.79999923706055,2.0999999046325684,2.2699999809265137,1.9299999475479126,3.799999952316284,3.799999952316284,KYAMBOGO_UNIVERSITY_ROAD
340.0,0.346074166,32.62974168233333,45.400001525878906,2.0999999046325684,2.2699999809265137,1.9299999475479126,4.599999904632568,4.599999904632568,KYAMBOGO_UNIVERSITY_ROAD
345.0,0.34609320166666663,32.62970036316667,45.5,2.0999999046325684,2.2699999809265137,1.9299999475479126,5.0,5.0,KYAMBOGO_UNIVERSITY_ROAD
350.0,0.34611168033333334,32.62965921916667,45.70000076293945,2.0999999046325684,2.2699999809265137,1.9299999475479126,2.4000000953674316,2.5,KYAMBOGO_UNIVERSITY_ROAD
355.0,0.34612920016666665,32.62961867683333,45.400001525878906,2.240000009536743,2.440000057220459,2.0399999618530273,2.700000047683716,1.600000023841858,KYAMBOGO_UNIVERSITY_ROAD
360.0,0.34614704500000004,32.62957786583333,45.599998474121094,2.240000009536743,2.440000057220459,2.0399999618530273,4.5,4.5,KYAMBOGO_UNIVERSITY_ROAD
365.0,0.346165246,32.629536940166666,45.599998474121094,2.240000009536743,2.440000057220459,2.0399999618530273,4.099999904632568,4.099999904632568,KYAMBOGO_UNIVERSITY_ROAD
370.0,0.3461843365,32.6294955725,45.0,2.240000009536743,2.440000057220459,2.0399999618530273,3.5999999046325684,3.5999999046325684,KYAMBOGO_UNIVERSITY_ROAD
375.0,0.34620368883333336,32.629454282,45.5,2.240000009536743,2.440000057220459,2.0399999618530273,4.5,4.5,KYAMBOGO_UNIVERSITY_ROAD
380.0,0.34622316366666667,32.629413083833334,45.29999923706055,2.240000009536743,2.440000057220459,2.0399999618530273,3.700000047683716,3.700000047683716,KYAMBOGO_UNIVERSITY_ROAD
385.0,0.3462421056666667,32.6293715885,45.29999923706055,2.240000009536743,2.440000057220459,2.0399999618530273,3.200000047683716,3.200000047683716,KYAMBOGO_UNIVERSITY_ROAD
390.0,0.3462608638333334,32.62933049283333,44.79999923706055,2.240000009536743,2.440000057220459,2.0399999618530273,3.200000047683716,2.4000000953674316,KYAMBOGO_UNIVERSITY_ROAD
395.0,0.34627939150000003,32.629289439333334,44.70000076293945,2.240000009536743,2.440000057220459,2.0399999618530273,2.5999999046325684,1.600000023841858,KYAMBOGO_UNIVERSITY_ROAD
400.0,0.34629782466666664,32.629248451833334,44.79999923706055,2.240000009536743,2.440000057220459,2.0399999618530273,2.200000047683716,3.799999952316284,KYAMBOGO_UNIVERSITY_ROAD
405.0,0.3463162475,32.62920743316667,44.79999923706055,2.240000009536743,2.440000057220459,2.0399999618530273,3.4000000953674316,3.4000000953674316,KYAMBOGO_UNIVERSITY_ROAD
410.0,0.34633448499999997,32.6291664175,44.70000076293945,2.240000009536743,2.440000057220459,2.0399999618530273,3.9000000953674316,3.9000000953674316,KYAMBOGO_UNIVERSITY_ROAD
415.0,0.3463523688333333,32.6291251255,45.0,2.240000009536743,2.440000057220459,2.0399999618530273,2.0999999046325684,2.0,KYAMBOGO_UNIVERSITY_ROAD
420.0,0.3463701435,32.629083698,44.79999923706055,2.240000009536743,2.440000057220459,2.0399999618530273,2.200000047683716,2.9000000953674316,KYAMBOGO_UNIVERSITY_ROAD
425.0,0.34638775600000005,32.62904242383333,44.79999923706055,2.240000009536743,2.440000057220459,2.0399999618530273,3.5999999046325684,3.5999999046325684,KYAMBOGO_UNIVERSITY_ROAD
430.0,0.3464050948333333,32.629001366833336,44.5,2.240000009536743,2.440000057220459,2.0399999618530273,4.099999904632568,4.099999904632568,KYAMBOGO_UNIVERSITY_ROAD
435.0,0.34642238766666666,32.628961001,43.400001525878906,2.240000009536743,2.440000057220459,2.0399999618530273,3.299999952316284,2.9000000953674316,KYAMBOGO_UNIVERSITY_ROAD
440.0,0.34643945333333337,32.62892151566667,42.70000076293945,2.240000009536743,2.440000057220459,2.0399999618530273,3.200000047683716,3.0999999046325684,KYAMBOGO_UNIVERSITY_ROAD
445.0,0.3464559503333334,32.62888272716667,42.29999923706055,2.240000009536743,2.440000057220459,2.0399999618530273,3.5,3.5,KYAMBOGO_UNIVERSITY_ROAD
450.0,0.34647256833333334,32.628844404166664,41.29999923706055,2.240000009536743,2.440000057220459,2.0399999618530273,5.099999904632568,5.099999904632568,KYAMBOGO_UNIVERSITY_ROAD
455.0,0.3464886508333333,32.62880658866667,40.79999923706055,2.4600000381469727,2.5399999618530273,2.369999885559082,6.300000190734863,6.300000190734863,KYAMBOGO_UNIVERSITY_ROAD
460.0,0.3465125776666667,32.62875057583334,40.5,2.4600000381469727,2.5399999618530273,2.369999885559082,5.5,5.5,KYAMBOGO_UNIVERSITY_ROAD
465.0,0.3465279795,32.6287136935,39.79999923706055,2.4600000381469727,2.5399999618530273,2.369999885559082,4.300000190734863,4.300000190734863,KYAMBOGO_UNIVERSITY_ROAD
470.0,0.34654214366666664,32.62867688266667,39.79999923706055,2.4600000381469727,2.5399999618530273,2.369999885559082,4.800000190734863,4.800000190734863,KYAMBOGO_UNIVERSITY_ROAD
475.0,0.34655615700000003,32.62864200683333,39.0,2.4600000381469727,2.5399999618530273,2.369999885559082,3.9000000953674316,3.9000000953674316,KYAMBOGO_UNIVERSITY_ROAD
480.0,0.3465766106666667,32.62859121333334,37.099998474121094,2.4600000381469727,2.5399999618530273,2.369999885559082,5.699999809265137,5.699999809265137,KYAMBOGO_UNIVERSITY_ROAD
485.0,0.34658865499999997,32.628556103166666,37.400001525878906,2.4600000381469727,2.5399999618530273,2.369999885559082,5.0,5.0,KYAMBOGO_UNIVERSITY_ROAD
490.0,0.3466079433333333,32.62850729233333,33.400001525878906,2.4600000381469727,2.5399999618530273,2.369999885559082,6.0,6.0,KYAMBOGO_UNIVERSITY_ROAD
495.0,0.346627959,32.62846439683333,29.799999237060547,2.4600000381469727,2.5399999618530273,2.369999885559082,4.800000190734863,4.800000190734863,KYAMBOGO_UNIVERSITY_ROAD
500.0,0.34664531116666664,32.628427198833336,24.799999237060547,2.4600000381469727,2.5399999618530273,2.369999885559082,5.5,4.900000095367432,KYAMBOGO_UNIVERSITY_ROAD
505.0,0.3466635381666666,32.62838056366667,16.5,2.4600000381469727,2.5399999618530273,2.369999885559082,4.599999904632568,2.0,KYAMBOGO_UNIVERSITY_ROAD
510.0,0.3466825081666667,32.6283367155,8.600000381469727,2.4600000381469727,2.5399999618530273,2.369999885559082,8.699999809265137,2.200000047683716,KYAMBOGO_UNIVERSITY_ROAD
515.0,0.3467018493333333,32.62829735533333,11.300000190734863,2.4600000381469727,2.5399999618530273,2.369999885559082,3.799999952316284,3.200000047683716,KYAMBOGO_UNIVERSITY_ROAD
520.0,0.34671972316666666,32.62825776983333,14.100000381469727,2.4600000381469727,2.5399999618530273,2.369999885559082,3.5999999046325684,3.5999999046325684,KYAMBOGO_UNIVERSITY_ROAD
525.0,0.3467385853333333,32.62821660466667,15.399999618530273,2.4600000381469727,2.5399999618530273,2.369999885559082,4.0,1.2999999523162842,KYAMBOGO_UNIVERSITY_ROAD
530.0,0.346756911,32.628174765,14.600000381469727,2.4600000381469727,2.5399999618530273,2.369999885559082,4.599999904632568,1.2000000476837158,KYAMBOGO_UNIVERSITY_ROAD
535.0,0.3467767233333333,32.6281346985,15.199999809265137,2.4600000381469727,2.5399999618530273,2.369999885559082,3.5,2.0999999046325684,KYAMBOGO_UNIVERSITY_ROAD
540.0,0.346794559,32.628100152,16.399999618530273,2.4600000381469727,2.5399999618530273,2.369999885559082,3.299999952316284,2.799999952316284,KYAMBOGO_UNIVERSITY_ROAD
545.0,0.34681659433333334,32.62805509933333,18.100000381469727,2.4600000381469727,2.5399999618530273,2.369999885559082,3.700000047683716,2.0,KYAMBOGO_UNIVERSITY_ROAD
550.0,0.34683461183333336,32.6280135625,18.5,2.4600000381469727,2.5399999618530273,2.369999885559082,3.299999952316284,3.299999952316284,KYAMBOGO_UNIVERSITY_ROAD
555.0,0.3468527146666667,32.6279740735,15.699999809265137,7.940000057220459,8.0,7.880000114440918,2.5999999046325684,2.0999999046325684,KYAMBOGO_UNIVERSITY_ROAD
560.0,0.3468698313333333,32.62793364633333,13.0,7.940000057220459,8.0,7.880000114440918,9.100000381469727,9.100000381469727,KYAMBOGO_UNIVERSITY_ROAD
565.0,0.3468888328333334,32.627888183833335,12.100000381469727,7.940000057220459,8.0,7.880000114440918,3.0,3.0,KYAMBOGO_UNIVERSITY_ROAD
570.0,0.34690543999999995,32.627847956833335,16.5,7.940000057220459,8.0,7.880000114440918,3.4000000953674316,3.4000000953674316,KYAMBOGO_UNIVERSITY_ROAD
575.0,0.3469194901666667,32.6278162235,19.0,7.940000057220459,8.0,7.880000114440918,4.199999809265137,4.199999809265137,KYAMBOGO_UNIVERSITY_ROAD
580.0,0.3469385336666667,32.62777035333333,22.200000762939453,7.940000057220459,8.0,7.880000114440918,3.299999952316284,1.7000000476837158,KYAMBOGO_UNIVERSITY_ROAD
585.0,0.3469527273333333,32.62773833866667,25.0,7.940000057220459,8.0,7.880000114440918,4.199999809265137,4.199999809265137,KYAMBOGO_UNIVERSITY_ROAD
590.0,0.3469736411666667,32.62769033033333,27.399999618530273,7.940000057220459,8.0,7.880000114440918,5.699999809265137,5.699999809265137,KYAMBOGO_UNIVERSITY_ROAD
595.0,0.3469898553333334,32.62765297066667,26.5,7.940000057220459,8.0,7.880000114440918,3.5999999046325684,3.5999999046325684,KYAMBOGO_UNIVERSITY_ROAD
600.0,0.34701224849999995,32.62760485733333,25.600000381469727,7.940000057220459,8.0,7.880000114440918,3.299999952316284,3.299999952316284,KYAMBOGO_UNIVERSITY_ROAD
605.0,0.347028487,32.627570276166665,24.399999618530273,7.940000057220459,8.0,7.880000114440918,5.5,5.5,KYAMBOGO_UNIVERSITY_ROAD
610.0,0.347047416,32.627524275666666,25.600000381469727,7.940000057220459,8.0,7.880000114440918,3.299999952316284,3.299999952316284,KYAMBOGO_UNIVERSITY_ROAD
615.0,0.34706268700000004,32.62748729166667,27.5,7.940000057220459,8.0,7.880000114440918,2.9000000953674316,2.9000000953674316,KYAMBOGO_UNIVERSITY_ROAD
620.0,0.34707917800000004,32.62744791683333,29.100000381469727,7.940000057220459,8.0,7.880000114440918,3.0,3.0,KYAMBOGO_UNIVERSITY_ROAD
625.0,0.34709753250000003,32.62740626466667,30.799999237060547,7.940000057220459,8.0,7.880000114440918,3.0,3.5,KYAMBOGO_UNIVERSITY_ROAD
630.0,0.3471171795,32.627362356666666,32.5,7.940000057220459,8.0,7.880000114440918,4.199999809265137,4.199999809265137,KYAMBOGO_UNIVERSITY_ROAD
635.0,0.3471311675,32.6273316005,33.70000076293945,7.940000057220459,8.0,7.880000114440918,4.800000190734863,4.800000190734863,KYAMBOGO_UNIVERSITY_ROAD
640.0,0.34715174649999997,32.627284161666665,35.20000076293945,7.940000057220459,8.0,7.880000114440918,5.800000190734863,5.800000190734863,KYAMBOGO_UNIVERSITY_ROAD
645.0,0.3471665605,32.62725166916667,35.70000076293945,7.940000057220459,8.0,7.880000114440918,3.0,3.0,KYAMBOGO_UNIVERSITY_ROAD
650.0,0.3471885608333333,32.62720108166667,37.099998474121094,7.940000057220459,8.0,7.880000114440918,2.9000000953674316,2.9000000953674316,KYAMBOGO_UNIVERSITY_ROAD
655.0,0.34720368016666664,32.627167153,36.5,2.630000114440918,2.4700000286102295,2.7799999713897705,3.4000000953674316,3.4000000953674316,KYAMBOGO_UNIVERSITY_ROAD
660.0,0.34722504616666666,32.627116728,35.900001525878906,2.630000114440918,2.4700000286102295,2.7799999713897705,6.199999809265137,6.199999809265137,KYAMBOGO_UNIVERSITY_ROAD
665.0,0.3472388678333333,32.627083667166666,35.20000076293945,2.630000114440918,2.4700000286102295,2.7799999713897705,4.0,4.0,KYAMBOGO_UNIVERSITY_ROAD
670.0,0.3472604071666667,32.627036020666665,33.79999923706055,2.630000114440918,2.4700000286102295,2.7799999713897705,5.199999809265137,5.199999809265137,KYAMBOGO_UNIVERSITY_ROAD
675.0,0.3472810338333333,32.62699091033333,32.5,2.630000114440918,2.4700000286102295,2.7799999713897705,5.199999809265137,5.199999809265137,KYAMBOGO_UNIVERSITY_ROAD
680.0,0.347300777,32.626947328,30.799999237060547,2.630000114440918,2.4700000286102295,2.7799999713897705,3.4000000953674316,3.4000000953674316,KYAMBOGO_UNIVERSITY_ROAD
685.0,0.3473203183333334,32.626905614,29.5,2.630000114440918,2.4700000286102295,2.7799999713897705,3.700000047683716,3.700000047683716,KYAMBOGO_UNIVERSITY_ROAD
690.0,0.34733826,32.62686603183333,28.200000762939453,2.630000114440918,2.4700000286102295,2.7799999713897705,4.199999809265137,4.199999809265137,KYAMBOGO_UNIVERSITY_ROAD
695.0,0.347353898,32.62682830033334,26.899999618530273,2.630000114440918,2.4700000286102295,2.7799999713897705,2.5999999046325684,2.700000047683716,KYAMBOGO_UNIVERSITY_ROAD
700.0,0.3473728068333333,32.626781751,23.5,2.630000114440918,2.4700000286102295,2.7799999713897705,3.799999952316284,3.799999952316284,KYAMBOGO_UNIVERSITY_ROAD
705.0,0.34738800950000004,32.62674020083333,20.899999618530273,2.630000114440918,2.4700000286102295,2.7799999713897705,1.7000000476837158,3.799999952316284,KYAMBOGO_UNIVERSITY_ROAD
710.0,0.34739993333333336,32.626702951333336,18.299999237060547,2.630000114440918,2.4700000286102295,2.7799999713897705,24.700000762939453,4.300000190734863,KYAMBOGO_UNIVERSITY_ROAD
715.0,0.34741072283333335,32.62666033516667,17.0,2.630000114440918,2.4700000286102295,2.7799999713897705,3.0,2.9000000953674316,KYAMBOGO_UNIVERSITY_ROAD
720.0,0.3474157608333333,32.626612359166664,14.699999809265137,2.630000114440918,2.4700000286102295,2.7799999713897705,4.5,4.5,KYAMBOGO_UNIVERSITY_ROAD
725.0,0.347415033,32.6265644355,8.699999809265137,6.260000228881836,5.96999979019165,6.539999961853027,4.5,4.5,KYAMBOGO_UNIVERSITY_ROAD
730.0,0.34740567316666665,32.62652160533333,7.300000190734863,6.260000228881836,5.96999979019165,6.539999961853027,4.900000095367432,1.7000000476837158,KYAMBOGO_UNIVERSITY_ROAD
735.0,0.3473878345,32.62648055966667,10.100000381469727,6.260000228881836,5.96999979019165,6.539999961853027,3.0,2.0999999046325684,KYAMBOGO_UNIVERSITY_ROAD
740.0,0.3473719291666667,32.626436904833334,8.300000190734863,6.260000228881836,5.96999979019165,6.539999961853027,3.299999952316284,3.0999999046325684,KYAMBOGO_UNIVERSITY_ROAD
